id,indicator,indicator_THA,indicator_ENG,detail_THA,detail_ENG,calculation_method_THA,calculation_method_ENG
1,unemployment_rate,อัตราการว่างงาน,Unemployment Rate,วัดเปอร์เซ็นต์ของแรงงานที่ไม่มีงานทำแต่กำลังหางานอยู่ อัตราการว่างงานที่สูงแสดงถึงความไม่มั่นคงทางเศรษฐกิจและการเข้าถึงโอกาสในการหารายได้ที่จำกัดในชุมชน,Measures the percentage of the labor force that is without work but actively seeking employment. High unemployment rates indicate economic insecurity and limited access to income-generating opportunities within communities.,จำนวนผู้ว่างงาน ÷ จำนวนประชากรทั้งหมด × 100,Number of unemployed people ÷ Total population × 100
2,employment_rate,อัตราการจ้างงานต่อประชากร,Employment Rate,แสดงสัดส่วนของประชากรวัยทำงานที่มีงานทำในปัจจุบัน ตัวชี้วัดนี้สะท้อนการมีโอกาสทางเศรษฐกิจและความสามารถของเศรษฐกิจท้องถิ่นในการจัดหาอาชีพที่ยั่งยืน,Represents the proportion of working-age population that is currently employed. This indicator reflects the availability of economic opportunities and the capacity of the local economy to provide sustainable livelihoods.,จำนวนผู้มีงานทำ ÷ จำนวนประชากรทั้งหมด × 100,Number of employed people ÷ Total population × 100
3,vulnerable_employment,อัตราการจ้างงานที่ไม่มั่นคงต่อการจ้างงานทั้งหมด,Vulnerable Employment,วัดเปอร์เซ็นต์ของแรงงานที่อยู่ในสถานการณ์การจ้างงานที่ไม่มั่นคง รวมถึงงานนอกระบบที่ไม่มีการคุ้มครองทางสังคมหรือความมั่นคงในงาน ตัวชี้วัดนี้เน้นความเสี่ยงทางเศรษฐกิจและการขาดการคุ้มครองสิทธิแรงงาน,Captures the percentage of workers in precarious employment situations including informal work without social protection or job security. This indicator highlights economic vulnerability and lack of labor rights protection.,จำนวนผู้ทำงานนอกระบบ ÷ จำนวนประชากรทั้งหมด × 100,Number of informal workers ÷ Total population × 100
4,non_vulnerable_employment,อัตราการจ้างงานที่มั่นคงต่อการจ้างงานทั้งหมด,Non-Vulnerable Employment,วัดเปอร์เซ็นต์ของแรงงานที่อยู่ในสถานการณ์การจ้างงานที่มั่นคง โดยมีสัญญาจ้างงานที่เป็นทางการและชัดเจน ทำให้มีสิทธิและสวัสดิการตามกฎหมายคุ้มครองแรงงาน,"According to the International Labour Organization (ILO), non-vulnerable employment includes jobs held by employees and employers. These positions are typically more secure and protected than self-employment or unpaid family work. Employees usually have formal contracts, making their positions more secure and less likely to be terminated without cause",จำนวนผู้ทำงานที่มีสัญญาจ้าง ÷ จำนวนประชากรทั้งหมด × 100,Number of workers that have formal contract ÷ Total population × 100
5,food_insecurity_moderate,ความชุกของ ภาวะขาดสารอาหารระดับปานกลาง,Food Insecurity (Moderate),วัดครัวเรือนที่ประสบความไม่แน่นอนเกี่ยวกับการเข้าถึงอาหารหรือถูกบังคับให้ลดคุณภาพหรือความหลากหลายของอาหารเนื่องจากข้อจำกัดด้านทรัพยากร สะท้อนระดับความเสี่ยงด้านโภชนาการในระดับปานกลางของประชากร,Measures households experiencing uncertainty about food access or forced to compromise food quality or variety due to resource constraints. This reflects moderate levels of nutritional vulnerability within the population.,จำนวนผู้ขาดสารอาหารระดับปานกลาง ÷ จำนวนประชากรทั้งหมด × 100,Number of people with moderate food insecurity ÷ Total population × 100
6,food_insecurity_severe,ความชุกของ ภาวะขาดสารอาหารระดับรุนแรง,Food Insecurity (Severe),แสดงครัวเรือนที่เผชิญกับการขาดแคลนอาหารอย่างรุนแรง ความหิวโหย หรือการอดอาหารเป็นเวลานานเนื่องจากขาดทรัพยากร สะท้อนระดับการขาดแคลนทางโภชนาการและความยากลำบากทางเศรษฐกิจที่วิกฤตที่สุด,Indicates households facing severe food shortages hunger or going without food for extended periods due to lack of resources. This represents the most critical level of nutritional deprivation and economic hardship.,จำนวนผู้ขาดสารอาหารระดับรุนแรง ÷ จำนวนประชากรทั้งหมด × 100,Number of people with severe food insecurity ÷ Total population × 100
7,work_injury_fatal,อัตราความถี่ของการบาดเจ็บร้ายแรงจากการทำงาน,Work Injury (Fatal/Serious),ติดตามความถี่ของอุบัติเหตุในที่ทำงานที่ร้ายแรงส่งผลให้เสียชีวิตหรือพิการถาวร ตัวชี้วัดนี้สะท้อนมาตรฐานความปลอดภัยในการทำงานและความเพียงพอของมาตรการคุ้มครองในสถานที่ทำงาน,Tracks the frequency of serious workplace accidents resulting in death or permanent disability. This indicator reflects occupational safety standards and the adequacy of workplace protection measures.,จำนวนผู้บาดเจ็บร้ายแรงจากการทำงาน ÷ จำนวนประชากรทั้งหมด × 100,Number of people with serious work injuries ÷ Total population × 100
8,work_injury_non_fatal,อัตราความถี่ของการบาดเจ็บไม่ร้ายแรงจากการทำงาน,Work Injury (Non-Fatal),วัดการเกิดอุบัติเหตุในที่ทำงานที่ไม่ส่งผลให้เสียชีวิตแต่อาจทำให้เกิดความบกพร่องชั่วคราวหรือถาวรเล็กน้อย แสดงสภาพความปลอดภัยในที่ทำงานโดยรวมและแนวทางการจัดการความเสี่ยง,Measures the occurrence of workplace injuries that do not result in death but may cause temporary or minor permanent impairment. This indicates overall workplace safety conditions and risk management practices.,จำนวนผู้บาดเจ็บไม่ร้ายแรงจากการทำงาน ÷ จำนวนประชากรทั้งหมด × 100,Number of people with non-fatal work injuries ÷ Total population × 100
9,catastrophic_health_spending_household,ร้อยละของครัวเรือนที่มีค่าใช้จ่ายด้านสุขภาพที่จ่ายเองมากกว่าร้อยละ 40 ของความสามารถในการจ่าย,Catastrophic Health Spending (Household),ระบุครัวเรือนที่ใช้จ่ายเกินกว่า 40% ของความสามารถในการจ่ายสำหรับค่าใช้จ่ายด้านสุขภาพ ตัวชี้วัดนี้เผยให้เห็นภาระทางการเงินของค่ารักษาพยาบาลและอุปสรรคที่อาจเกิดขึ้นในการเข้าถึงบริการทางการแพทย์ที่จำเป็น,Identifies households spending more than 40% of their capacity to pay on healthcare expenses. This indicator reveals the financial burden of healthcare costs and potential barriers to accessing necessary medical services.,จำนวนครัวเรือนที่จ่ายค่ารักษาพยาบาลเกิน 40% ของรายได้ ÷ จำนวนครัวเรือนทั้งหมด × 100,Number of households spending >40% of income on healthcare ÷ Total households × 100
10,health_spending_over_10_percent,ร้อยละของประชากรที่มีค่าใช้จ่ายด้านสุขภาพที่จ่ายเองมากกว่าร้อยละ 10 ของรายได้,Health Spending >10% Income,วัดสัดส่วนของบุคคลที่ใช้จ่ายเกินกว่า 10% ของรายได้สำหรับการดูแลสุขภาพ เกณฑ์นี้แสดงเมื่อใดที่ค่ารักษาพยาบาลเริ่มสร้างความเครียดทางการเงินอย่างมีนัยสำคัญต่อครัวเรือน,Measures the proportion of individuals spending more than 10% of their income on healthcare. This threshold indicates when healthcare costs begin to create significant financial strain on households.,จำนวนผู้จ่ายค่ารักษาพยาบาลเกิน 10% ของรายได้ ÷ จำนวนประชากรทั้งหมด × 100,Number of people spending >10% of income on healthcare ÷ Total population × 100
11,health_spending_over_25_percent,ร้อยละของประชากรที่มีค่าใช้จ่ายด้านสุขภาพที่จ่ายเองมากกว่าร้อยละ 25 ของรายได้,Health Spending >25% Income,วัดบุคคลที่จัดสรรเกินกว่า 25% ของรายได้สำหรับค่าใช้จ่ายด้านสุขภาพ สะท้อนภาระทางการเงินที่รุนแรงจากค่ารักษาพยาบาลและความเป็นไปได้ของความยากจนเนื่องจากการใช้จ่ายที่เกี่ยวข้องกับสุขภาพ,Captures individuals allocating more than 25% of their income to healthcare expenses. This represents severe financial burden from medical costs and potential impoverishment due to health-related spending.,จำนวนผู้จ่ายค่ารักษาพยาบาลเกิน 25% ของรายได้ ÷ จำนวนประชากรทั้งหมด × 100,Number of people spending >25% of income on healthcare ÷ Total population × 100
12,functional_literacy,อัตราส่วนประชากรที่มีทักษะในด้านการรู้หนังสือ (ฟัง พูด อ่าน เขียน) และการคำนวณ,Functional Literacy,ประเมินความสามารถในการอ่าน เขียน พูด ฟัง และคำนวณพื้นฐานที่จำเป็นสำหรับชีวิตประจำวันและการทำงาน การรู้หนังสือเชิงปฏิบัติเป็นสิ่งจำเป็นสำหรับการมีส่วนร่วมทางสังคม โอกาสทางเศรษฐกิจ และการตัดสินใจอย่างมีข้อมูล,Assesses the ability to read write speak listen and perform basic mathematical calculations necessary for daily life and work. Functional literacy is essential for social participation economic opportunities and informed decision-making.,จำนวนผู้ที่มีทักษะฟัง พูด อ่าน เขียน และคำนวณ ÷ จำนวนประชากรทั้งหมด × 100,Number of people with listening speaking reading writing and calculation skills ÷ Total population × 100
13,primary_completion,อัตราการสำเร็จการศึกษาระดับประถมศึกษา,Primary Education Completion,วัดเปอร์เซ็นต์ของบุคคลที่สำเร็จการศึกษาระดับประถมศึกษาเรียบร้อยแล้ว การสำเร็จการศึกษาระดับประถมให้ทักษะและความรู้พื้นฐานที่จำเป็นสำหรับการเรียนรู้ต่อไปและการบูรณาการทางสังคม,Measures the percentage of individuals who have successfully completed primary education. Primary education completion provides foundational skills and knowledge necessary for further learning and social integration.,จำนวนผู้จบการศึกษาระดับประถม ÷ จำนวนประชากรทั้งหมด × 100,Number of people who completed primary education ÷ Total population × 100
14,secondary_completion,อัตราการสำเร็จการศึกษาระดับมัธยมศึกษา,Secondary Education Completion,ติดตามสัดส่วนของประชากรที่จบการศึกษาระดับมัธยมศึกษา การสำเร็จการศึกษาระดับมัธยมเพิ่มโอกาสในการจ้างงาน ความสามารถในการคิดเชิงวิพากษ์ และการเตรียมตัวสำหรับการศึกษาที่สูงขึ้นหรืองานที่ต้องใช้ทักษะ,Tracks the proportion of the population that has finished secondary education. Secondary education completion enhances employment prospects critical thinking abilities and preparation for higher education or skilled work.,จำนวนผู้จบการศึกษาระดับมัธยม ÷ จำนวนประชากรทั้งหมด × 100,Number of people who completed secondary education ÷ Total population × 100
15,tertiary_completion,อัตราการสำเร็จการศึกษาระดับอุดมศึกษา,Tertiary Education Completion,แสดงเปอร์เซ็นต์ของบุคคลที่สำเร็จการศึกษาระดับอุดมศึกษา รวมถึงมหาวิทยาลัย วิทยาลัย หรือสถาบันการอาชีวศึกษา การศึกษาระดับอุดมศึกษามักนำไปสู่โอกาสการจ้างงานที่ดีขึ้นและศักยภาพรายได้ที่สูงขึ้น,Represents the percentage of individuals who have completed higher education including universities colleges or vocational institutions. Tertiary education typically leads to better employment opportunities and higher income potential.,จำนวนผู้จบการศึกษาระดับอุดมศึกษา ÷ จำนวนประชากรทั้งหมด × 100,Number of people who completed tertiary education ÷ Total population × 100
16,training_participation,อัตราการมีส่วนร่วมในการศึกษาและการฝึกอบรมทั้งในระบบและนอกระบบ,Training Participation,วัดการมีส่วนร่วมในกิจกรรมการศึกษาทั้งในระบบและนอกระบบ รวมถึงโปรแกรมการพัฒนาวิชาชีพและการสร้างทักษะ การเรียนรู้อย่างต่อเนื่องเพิ่มความสามารถในการปรับตัวต่อสภาพเศรษฐกิจที่เปลี่ยนแปลงและความก้าวหน้าทางเทคโนโลยี,Measures engagement in both formal and informal educational activities including professional development and skill-building programs. Continuous learning enhances adaptability to changing economic conditions and technological advancement.,จำนวนผู้เข้าร่วมการฝึกอบรม ÷ จำนวนประชากรทั้งหมด × 100,Number of people participating in training ÷ Total population × 100
17,health_coverage,การเข้าถึงความคุ้มครองด้านสุขภาพ,Health Coverage,แสดงสัดส่วนของประชากรที่มีการเข้าถึงประกันสุขภาพหรือความคุ้มครองการดูแลสุขภาพถ้วนหน้า ความคุ้มครองด้านสุขภาพที่เพียงพอรับประกันการคุ้มครองทางการเงินและการเข้าถึงบริการทางการแพทย์ที่จำเป็นทันเวลา,Indicates the proportion of the population with access to health insurance or universal healthcare coverage. Adequate health coverage ensures financial protection and timely access to necessary medical services.,จำนวนผู้มีประกันสุขภาพ ÷ จำนวนประชากรทั้งหมด × 100,Number of people with health insurance ÷ Total population × 100
18,medical_consultation_skip_cost,ร้อยละของประชากรที่ต้องงดการปรึกษาแพทย์เนื่องจากค่าใช้จ่าย,Skipped Medical Consultation (Cost),วัดเปอร์เซ็นต์ของบุคคลที่หลีกเลี่ยงการขอคำปรึกษาทางการแพทย์เนื่องจากข้อจำกัดทางการเงิน ตัวชี้วัดนี้เผยให้เห็นอุปสรรคทางเศรษฐกิจในการเข้าถึงการดูแลสุขภาพเบื้องต้นและบริการทางการแพทย์เชิงป้องกัน,Measures the percentage of individuals who avoided seeking medical consultation due to financial constraints. This indicator reveals economic barriers to primary healthcare access and preventive medical services.,จำนวนผู้งดพบแพทย์เพราะค่าใช้จ่าย ÷ จำนวนประชากรทั้งหมด × 100,Number of people who skipped medical consultation due to cost ÷ Total population × 100
19,medical_treatment_skip_cost,ร้อยละของประชากรที่ต้องงดการตรวจทางการแพทย์ การรักษา หรือการติดตามผลเนื่องจากค่าใช้จ่าย,Skipped Medical Treatment (Cost),ติดตามบุคคลที่ละทิ้งการรักษาพยาบาล ขั้นตอนการวินิจฉัย หรือการดูแลติดตามเนื่องจากความกังวลเรื่องต้นทุน สะท้อนอุปสรรคทางเศรษฐกิจในการดูแลสุขภาพอย่างครอบคลุมและผลกระทบต่อสุขภาพที่อาจเกิดขึ้นจากการรักษาที่ล่าช้า,Tracks individuals who foregent medical treatment diagnostic procedures or follow-up care because of cost concerns. This reflects economic barriers to comprehensive healthcare and potential health consequences of delayed treatment.,จำนวนผู้งดรักษาพยาบาลเพราะค่าใช้จ่าย ÷ จำนวนประชากรทั้งหมด × 100,Number of people who skipped medical treatment due to cost ÷ Total population × 100
20,prescribed_medicine_skip_cost,ร้อยละของประชากรที่ต้องงดการรับยาตามใบสั่งแพทย์เนื่องจากค่าใช้จ่าย,Skipped Medicine Purchase (Cost),วัดสัดส่วนของผู้ที่ไม่สามารถซื้อยาตามใบสั่งแพทย์ได้ ตัวชี้วัดนี้เน้นอุปสรรคในการเข้าถึงเภสัชภัณฑ์และความเสี่ยงต่อสุขภาพที่อาจเกิดขึ้นจากการไม่ปฏิบัติตามการใช้ยาเนื่องจากต้นทุน,Captures the proportion of people who could not afford to purchase prescribed medications. This indicator highlights pharmaceutical access barriers and potential health risks from medication non-adherence due to cost.,จำนวนผู้งดซื้อยาตามใบสั่งแพทย์เพราะค่าใช้จ่าย ÷ จำนวนประชากรทั้งหมด × 100,Number of people who skipped prescribed medicine due to cost ÷ Total population × 100
21,dental_access,ร้อยละของประชากรที่ได้รับบริการทันตกรรมเมื่อมีอาการ,Dental Access,วัดการใช้บริการทันตกรรมของประชากรเมื่อมีอาการปวดฟัน ฟันโยก เลือดออกตามไรฟัน การเข้าถึงและได้รับบริการทางทันตกรรมมีความสำคัญสำหรับสุขภาพช่องปาก และการป้องกันภาวะแทรกซ้อนด้านสุขภาพที่ร้ายแรงยิ่งขึ้น,Measures the availability and utilization of dental care services within the population. Adequate dental access is crucial for oral health overall well-being and prevention of more serious health complications.,จำนวนผู้เข้าถึงบริการทันตกรรม ÷ จำนวนประชากรทั้งหมด × 100,Number of people with access to dental care ÷ Total population × 100
22,electricity_access,อัตราส่วนประชากรที่เข้าถึงไฟฟ้า,Electricity Access,แสดงเปอร์เซ็นต์ของประชากรที่มีการเข้าถึงไฟฟ้าที่เชื่อถือได้สำหรับความต้องการของครัวเรือนและชุมชน การเข้าถึงไฟฟ้าเป็นพื้นฐานสำหรับการดำรงชีวิตสมัยใหม่ การศึกษา การส่งมอบการดูแลสุขภาพ และการพัฒนาเศรษฐกิจ,Indicates the percentage of the population with reliable access to electricity for household and community needs. Electricity access is fundamental for modern living education healthcare delivery and economic development.,จำนวนผู้เข้าถึงไฟฟ้า ÷ จำนวนประชากรทั้งหมด × 100,Number of people with access to electricity ÷ Total population × 100
23,clean_water_access,อัตราส่วนประชากรที่ใช้บริการน้ำดื่มที่ได้รับการจัดการอย่างปลอดภัย,Clean Water Access,วัดการเข้าถึงบริการน้ำดื่มที่ได้รับการจัดการอย่างปลอดภัยและปราศจากการปนเปื้อน การเข้าถึงน้ำสะอาดเป็นสิ่งจำเป็นสำหรับสุขภาพ การสุขาภิบาล และการป้องกันโรคที่เกิดจากน้ำ,Measures access to safely managed drinking water services that are free from contamination. Clean water access is essential for health sanitation and prevention of waterborne diseases.,จำนวนผู้เข้าถึงน้ำสะอาด ÷ จำนวนประชากรทั้งหมด × 100,Number of people with access to clean water ÷ Total population × 100
24,sanitation_facilities,อัตราส่วนประชากรที่เข้าถึงบริการสุขาภิบาลขั้นพื้นฐาน,Sanitation Facilities,ติดตามการเข้าถึงบริการสุขาภิบาลขั้นพื้นฐาน รวมถึงระบบกำจัดของเสียที่ได้รับการจัดการอย่างปลอดภัย การสุขาภิบาลที่เพียงพอป้องกันการแพร่กระจายของโรค ปกป้องสุขภาพสิ่งแวดล้อม และรักษามาตรฐานความสะอาดของชุมชน,Tracks access to basic sanitation services including safely managed waste disposal systems. Adequate sanitation prevents disease transmission protects environmental health and maintains community hygiene standards.,จำนวนผู้เข้าถึงบริการสุขาภิบาล ÷ จำนวนประชากรทั้งหมด × 100,Number of people with access to sanitation facilities ÷ Total population × 100
25,waste_management,ร้อยละของขยะมูลฝอยชุมชนที่ได้รับการจัดเก็บและจัดการ,Waste Management,วัดประสิทธิภาพของระบบการเก็บรวบรวมและจัดการขยะมูลฝอยของชุมชน การจัดการขยะที่เหมาะสมป้องกันการปนเปื้อนสิ่งแวดล้อม ลดแหล่งแพร่เชื้อโรค และรักษาความน่าอยู่ของชุมชน,Measures the effectiveness of community solid waste collection and management systems. Proper waste management prevents environmental contamination reduces disease vectors and maintains community livability.,จำนวนผู้ได้รับบริการจัดการขยะ ÷ จำนวนประชากรทั้งหมด × 100,Number of people with waste management services ÷ Total population × 100
26,housing_overcrowding,อัตราส่วนครัวเรือนที่อาศัยอยู่ในที่พักอาศัยที่แออัด,Housing Overcrowding,แสดงสัดส่วนของครัวเรือนที่อาศัยอยู่ในสภาพแออัดโดยมีพื้นที่ไม่เพียงพอต่อคน ความแออัดส่งผลต่อความเป็นส่วนตัว สุขภาพ ผลการศึกษา และคุณภาพชีวิตโดยรวม,Indicates the proportion of households living in overcrowded conditions with insufficient space per person. Overcrowding affects privacy health educational outcomes and overall quality of life.,จำนวนครัวเรือนที่อยู่อาศัยแออัด ÷ จำนวนครัวเรือนทั้งหมด × 100,Number of households living in overcrowded conditions ÷ Total households × 100
27,home_ownership,อัตราส่วนครัวเรือนที่มีที่อยู่อาศัยเป็นของตนเอง,Home Ownership,วัดเปอร์เซ็นต์ของครัวเรือนที่เป็นเจ้าของที่อยู่อาศัยของตนเอง การเป็นเจ้าของบ้านให้ความมั่นคงด้านที่อยู่อาศัย โอกาสการสะสมสินทรัพย์ และความมั่นคงของชุมชนสำหรับครอบครัว,Measures the percentage of households that own their residential property. Home ownership provides housing security asset accumulation opportunities and community stability for families.,จำนวนครัวเรือนที่เป็นเจ้าของบ้าน ÷ จำนวนครัวเรือนทั้งหมด × 100,Number of households owning their homes ÷ Total households × 100
28,disaster_experience,ร้อยละของประชากรที่ได้ผลกระทบจากภัยพิบัติ,Disaster Experience,ติดตามสัดส่วนของประชากรที่ได้รับผลกระทบจากภัยพิบัติธรรมชาติหรือที่มนุษย์สร้างขึ้นภายในกรอบเวลาที่กำหนด ประสบการณ์ภัยพิบัติสะท้อนความเปราะบางของชุมชนและความจำเป็นในการเตรียมความพร้อมและระบบการตอบสนองต่อภัยพิบัติ,Tracks the proportion of the population affected by natural or man-made disasters within a specified timeframe. Disaster experience reflects community vulnerability and the need for disaster preparedness and response systems.,จำนวนผู้ได้รับผลกระทบจากภัยพิบัติ ÷ จำนวนประชากรทั้งหมด × 100,Number of people affected by disasters ÷ Total population × 100
29,community_safety,อัตราส่วนประชากรที่รู้สึกปลอดภัยเมื่อเดินคนเดียวในเวลากลางคืน,Community Safety,วัดเปอร์เซ็นต์ของผู้อยู่อาศัยที่รู้สึกปลอดภัยเมื่อเดินคนเดียวในย่านของตนในช่วงเวลากลางคืน การรับรู้ความปลอดภัยของชุมชนสะท้อนระดับอาชญากรรม ความเหนียวแน่นทางสังคม และประสิทธิภาพของมาตรการรักษาความปลอดภัยสาธารณะ,Measures the percentage of residents who feel safe walking alone in their neighborhood during nighttime hours. Community safety perceptions reflect crime levels social cohesion and the effectiveness of public security measures.,คะแนนความปลอดภัยถ่วงน้ำหนัก (ปลอดภัยมาก=100% ปลอดภัย=75% ปลอดภัยปานกลาง=50% ไม่ปลอดภัย=25%),Weighted safety score (Very safe=100% Safe=75% Moderately safe=50% Unsafe=25%)
30,violence_physical,อัตราส่วนประชากรที่ถูกกระทำความรุนแรงทางร่างกาย,Physical Violence,แสดงสัดส่วนของบุคคลที่ประสบความรุนแรงทางร่างกายหรือการทำร้าย ความรุนแรงทางร่างกายส่งผลต่อความปลอดภัยในทันที สุขภาพระยะยาว และพลวัตทางสังคมของชุมชน,Indicates the proportion of individuals who have experienced physical violence or assault. Physical violence affects immediate safety long-term health and community social dynamics.,จำนวนผู้ถูกกระทำความรุนแรงทางร่างกาย ÷ จำนวนประชากรทั้งหมด × 100,Number of people who experienced physical violence ÷ Total population × 100
31,violence_psychological,อัตราส่วนประชากรที่ถูกกระทำความรุนแรงทางจิตใจ,Psychological Violence,วัดการสัมผัสกับความรุนแรงทางจิตใจ รวมถึงการข่มขู่ การข่มขวัญ หรือการทารุณกรรมทางอารมณ์ ความรุนแรงทางจิตใจส่งผลต่อสุขภาพจิต การทำงานทางสังคม และความเป็นอยู่ที่ดีโดยรวมของบุคคลที่ได้รับผลกระทบ,Measures exposure to psychological violence including threats intimidation or emotional abuse. Psychological violence impacts mental health social functioning and overall well-being of affected individuals.,จำนวนผู้ถูกกระทำความรุนแรงทางจิตใจ ÷ จำนวนประชากรทั้งหมด × 100,Number of people who experienced psychological violence ÷ Total population × 100
32,violence_sexual,อัตราส่วนประชากรที่ถูกกระทำความรุนแรงทางเพศ,Sexual Violence,ติดตามอุบัติการณ์ของความรุนแรงทางเพศหรือการล่วงละเมิดภายในประชากร ความรุนแรงทางเพศแสดงถึงการละเมิดความปลอดภัยส่วนบุคคลอย่างร้ายแรงและมีผลกระทบอย่างลึกซึ้งต่อสุขภาพของบุคคลและชุมชน,Tracks the incidence of sexual violence or harassment within the population. Sexual violence represents serious violations of personal safety and has profound impacts on individual and community health.,จำนวนผู้ถูกกระทำความรุนแรงทางเพศ ÷ จำนวนประชากรทั้งหมด × 100,Number of people who experienced sexual violence ÷ Total population × 100
33,discrimination_experience,อัตราส่วนประชากรที่รายงานว่าเคยถูกเลือกปฏิบัติ,Discrimination Experience,วัดสัดส่วนของบุคคลที่รายงานประสบการณ์ของการปฏิบัติที่ไม่ยุติธรรมตามลักษณะส่วนบุคคล การเลือกปฏิบัติบ่อนทำลายความเหนียวแน่นทางสังคม โอกาสที่เท่าเทียม และศักดิ์ศรีของบุคคลภายในชุมชน,Captures the proportion of individuals reporting experiences of unfair treatment based on personal characteristics. Discrimination undermines social cohesion equal opportunity and individual dignity within communities.,จำนวนผู้ถูกเลือกปฏิบัติ ÷ จำนวนประชากรทั้งหมด × 100,Number of people who experienced discrimination ÷ Total population × 100
34,social_support,อัตราส่วนประชากรที่รายงานว่ามีบุคคลที่สามารถพึ่งพาได้ในยามฉุกเฉิน,Social Support,วัดความพร้อมใช้งานของเครือข่ายทางสังคมและระบบสนับสนุนที่เชื่อถือได้ในช่วงเวลาฉุกเฉินหรือความต้องการ การสนับสนุนทางสังคมที่แข็งแกร่งเพิ่มความยืดหยุ่น สุขภาพจิต และความเป็นน้ำหนึ่งใจเดียวกันของชุมชน,Measures the availability of reliable social networks and support systems during times of emergency or need. Strong social support enhances resilience mental health and community solidarity.,จำนวนผู้มีเครือข่ายสนับสนุนทางสังคม ÷ จำนวนประชากรทั้งหมด × 100,Number of people with social support networks ÷ Total population × 100
35,community_murder,เหตุความรุนแรงในชุมชน,Community Violence,ติดตามเหตุการณ์การฆาตกรรมและอาชญากรรมรุนแรงร้ายแรงภายในชุมชน ระดับความรุนแรงของชุมชนสะท้อนสภาพความปลอดภัยสาธารณะและประสิทธิภาพของมาตรการป้องกันอาชญากรรม,Tracks incidents of homicide and serious violent crimes within the community. Community violence levels reflect public safety conditions and the effectiveness of crime prevention measures.,จำนวนเหตุความรุนแรงในชุมชน ÷ จำนวนประชากรทั้งหมด × 100,Number of community violence incidents ÷ Total population × 100
36,alcohol_consumption,อัตราการบริโภคแอลกอฮอล์,Alcohol Consumption,วัดความชุกของรูปแบบการบริโภคแอลกอฮอล์ที่อาจก่อให้เกิดความเสี่ยงต่อสุขภาพ การดื่มแอลกอฮอล์มากเกินไปก่อให้เกิดปัญหาสุขภาพ ปัญหาสังคม และต้นทุนทางเศรษฐกิจต่างๆ ภายในชุมชน,Measures the prevalence of alcohol consumption patterns that may pose health risks. Excessive alcohol use contributes to various health problems social issues and economic costs within communities.,จำนวนผู้บริโภคแอลกอฮอล์ ÷ จำนวนประชากรทั้งหมด × 100,Number of alcohol consumers ÷ Total population × 100
37,tobacco_use,อัตราการใช้บุหรี่และบุหรี่ไฟฟ้า,Tobacco Use,ติดตามเปอร์เซ็นต์ของบุคคลที่ใช้ผลิตภัณฑ์ยาสูบ รวมถึงบุหรี่และบุหรี่อิเล็กทรอนิกส์ การใช้ยาสูบเป็นสาเหตุหลักที่ป้องกันได้ของการเจ็บป่วย ความพิการ และการเสียชีวิตก่อนวัยอันควร,Tracks the percentage of individuals using tobacco products including cigarettes and electronic cigarettes. Tobacco use is a leading preventable cause of disease disability and premature death.,จำนวนผู้ใช้ยาสูบ ÷ จำนวนประชากรอายุ 15 ปีขึ้นไป × 100,Number of tobacco users ÷ Population aged 15+ × 100
38,physical_activity,อัตราส่วนประชากรที่มีกิจกรรมทางกายเพียงพอ,Physical Activity,แสดงสัดส่วนของประชากรที่รับการออกกำลังกายตามระดับที่แนะนำสำหรับการรักษาสุขภาพ การออกกำลังกายไม่เพียงพอเพิ่มความเสี่ยงของโรคเรื้อรังและลดคุณภาพชีวิตโดยรวม,Indicates the proportion of the population meeting recommended levels of physical activity for health maintenance. Insufficient physical activity increases risks of chronic diseases and reduces overall quality of life.,จำนวนผู้ออกกำลังกายเพียงพอ ÷ จำนวนประชากรทั้งหมด × 100,Number of people with sufficient physical activity ÷ Total population × 100
39,obesity,อัตราส่วนประชากรที่มีภาวะน้ำหนักเกิน,Obesity,วัดเปอร์เซ็นต์ของบุคคลที่มีดัชนีมวลกายบ่งชี้ความอ้วน (BMI ≥30) ความอ้วนเพิ่มความเสี่ยงของโรคเบาหวาน โรคหัวใจและหลอดเลือด และภาวะสุขภาพร้ายแรงอื่นๆ,Measures the percentage of individuals with body mass index indicating obesity (BMI ≥30). Obesity increases the risk of diabetes cardiovascular disease and other serious health conditions.,จำนวนผู้ที่มีค่าดัชนีมวลกาย ≥ 30 ÷ จำนวนประชากรทั้งหมด × 100,Number of people with BMI ≥ 30 ÷ Total population × 100
40,any_chronic_disease,อัตราส่วนผู้ป่วยโรคไม่ติดต่อเรื้อรัง,Any Chronic Disease,วัดสัดส่วนของประชากรที่มีโรคเรื้อรังไม่ติดต่อ ความชุกของโรคเรื้อรังสะท้อนถึงปัจจัยเสี่ยงต่างๆ ในชุมชนและคุณภาพของระบบสาธารณสุข,Indicates the overall burden of non-communicable chronic diseases within the population. Chronic disease prevalence reflects the cumulative impact of various risk factors and healthcare system effectiveness.,จำนวนผู้ป่วยโรคเรื้อรัง ÷ จำนวนประชากรทั้งหมด × 100,Number of people with chronic diseases ÷ Total population × 100
41,diabetes,อัตราความชุกของผู้ป่วยโรคเบาหวาน,Diabetes,วัดจำนวนผู้ป่วยโรคเบาหวานซึ่งเป็นโรคที่มีระดับน้ำตาลในเลือดสูง โรคนี้ต้องควบคุมอย่างต่อเนื่องและอาจทำให้เกิดโรคแทรกซ้อนอื่นๆ เช่น โรคหัวใจและไต,Measures the prevalence of diabetes mellitus a metabolic disorder characterized by high blood glucose levels. Diabetes requires ongoing management and increases risks of cardiovascular disease kidney failure and other complications.,จำนวนผู้ป่วยโรคเบาหวาน ÷ จำนวนประชากรทั้งหมด × 100,Number of diabetes cases ÷ Total population × 100
42,hypertension,อัตราความชุกของผู้ป่วยโรคความดันโลหิตสูง,Hypertension,"วัดจำนวนผู้ที่มีความดันโลหิตสูงอย่างต่อเนื่อง เป็นปัจจัยเสี่ยงสำคัญของโรคหลอดเลือดสมองและโรคหัวใจ มักไม่มีอาการจึงเรียกว่า ""โรคนักฆ่าเงียบ""","Tracks the percentage of individuals with persistently elevated blood pressure. Hypertension is a major risk factor for stroke heart disease and kidney disease often called the ""silent killer"" due to its asymptomatic nature.",จำนวนผู้ป่วยโรคความดันโลหิตสูง ÷ จำนวนประชากรทั้งหมด × 100,Number of hypertension cases ÷ Total population × 100
43,gout,อัตราความชุกของผู้ป่วยโรคเกาต์,Gout,วัดจำนวนผู้ป่วยโรคเกาต์ซึ่งเป็นโรคข้ออักเสบจากกรดยูริกสูง ทำให้ข้อบวมเจ็บปวดมาก หากไม่รักษาอาจเป็นโรคข้อเรื้อรังและนิ่วในไต,Indicates the prevalence of gout a form of inflammatory arthritis caused by elevated uric acid levels. Gout causes painful joint inflammation and can lead to chronic arthritis and kidney stones if untreated.,จำนวนผู้ป่วยโรคเกาต์ ÷ จำนวนประชากรทั้งหมด × 100,Number of gout cases ÷ Total population × 100
44,chronic_kidney_disease,อัตราความชุกของผู้ป่วยโรคไตวายเรื้อรัง,Chronic Kidney Disease,วัดจำนวนผู้ป่วยที่มีการทำงานของไตลดลงอย่างต่อเนื่อง หากรุนแรงอาจต้องฟอกเลือดหรือปลูกถ่ายไต และเพิ่มความเสี่ยงของโรคหัวใจและหลอดเลือด,Measures the proportion of individuals with progressive loss of kidney function over time. Chronic kidney disease can lead to kidney failure requiring dialysis or transplantation and increases cardiovascular disease risk.,จำนวนผู้ป่วยโรคไตวายเรื้อรัง ÷ จำนวนประชากรทั้งหมด × 100,Number of chronic kidney disease cases ÷ Total population × 100
45,cancer,อัตราความชุกของผู้ป่วยโรคมะเร็ง,Cancer,วัดจำนวนผู้ป่วยมะเร็งทุกชนิดและระยะ เป็นสาเหตุสำคัญของการเสียชีวิตและต้องการการรักษาที่ซับซ้อนเป็นระยะเวลานาน,Tracks the prevalence of malignant neoplasms across all types and stages. Cancer represents one of the leading causes of morbidity and mortality requiring complex treatment and long-term management.,จำนวนผู้ป่วยโรคมะเร็ง ÷ จำนวนประชากรทั้งหมด × 100,Number of cancer cases ÷ Total population × 100
46,high_cholesterol,อัตราความชุกของผู้ป่วยโรคไขมันในเลือดสูง,High Cholesterol,วัดจำนวนผู้ที่มีระดับไขมันในเลือดสูง เป็นปัจจัยเสี่ยงสำคัญของโรคหลอดเลือดแข็งตัว โรคหัวใจ และโรคหลอดเลือดสมอง,Indicates the percentage of individuals with elevated blood cholesterol levels. High cholesterol is a major risk factor for atherosclerosis heart disease and stroke.,จำนวนผู้ป่วยโรคไขมันในเลือดสูง ÷ จำนวนประชากรทั้งหมด × 100,Number of high cholesterol cases ÷ Total population × 100
47,ischemic_heart_disease,อัตราความชุกของผู้ป่วยโรคกล้ามเนื้อหัวใจขาดเลือด,Ischemic Heart Disease,วัดจำนวนผู้ป่วยโรคหลอดเลือดหัวใจที่เกิดจากการไหลเวียนเลือดไปเลี้ยงหัวใจลดลง เป็นสาเหตุสำคัญของการเสียชีวิตและความพิการ,Measures the prevalence of coronary artery disease resulting from reduced blood flow to the heart muscle. Ischemic heart disease is a leading cause of death and disability globally.,จำนวนผู้ป่วยโรคกล้ามเนื้อหัวใจขาดเลือด ÷ จำนวนประชากรทั้งหมด × 100,Number of ischemic heart disease cases ÷ Total population × 100
48,liver_disease,อัตราความชุกของผู้ป่วยโรคตับ,Liver Disease,วัดจำนวนผู้ป่วยโรคตับต่างๆ เช่น ตับแข็ง ตับอักเสบ และตับไขมัน หากรุนแรงอาจทำให้ตับวายและส่งผลต่อสุขภาพโดยรวม,Tracks various conditions affecting liver function including cirrhosis hepatitis and fatty liver disease. Liver disease can progress to liver failure and significantly impacts overall health and survival.,จำนวนผู้ป่วยโรคตับ ÷ จำนวนประชากรทั้งหมด × 100,Number of liver disease cases ÷ Total population × 100
49,stroke,อัตราความชุกของผู้ป่วยโรคหลอดเลือดสมอง,Stroke,วัดจำนวนผู้ป่วยโรคหลอดเลือดสมองที่ทำให้เนื้อเยื่อสมองเสียหาย เป็นสาเหตุสำคัญของความพิการและการเสียชีวิต มักเหลือความบกพร่องทางระบบประสาท,Indicates the prevalence of cerebrovascular accidents resulting in brain tissue damage. Stroke is a leading cause of disability and death often resulting in long-term neurological impairments.,จำนวนผู้ป่วยโรคหลอดเลือดสมอง ÷ จำนวนประชากรทั้งหมด × 100,Number of stroke cases ÷ Total population × 100
50,hiv,อัตราความชุกของผู้ป่วยโรคเอชไอวี,HIV,วัดจำนวนผู้ติดเชื้อไวรัสเอชไอวีในประชากร ไวรัสนี้ทำลายระบบภูมิคุ้มกันและหากไม่รักษาจะกลายเป็นโรคเอดส์,Measures the prevalence of Human Immunodeficiency Virus infection within the population. HIV compromises immune system function and without treatment progresses to AIDS with severe health consequences.,จำนวนผู้ป่วยโรคเอชไอวี ÷ จำนวนประชากรทั้งหมด × 100,Number of HIV cases ÷ Total population × 100
51,mental_health,อัตราความชุกของผู้ป่วยโรคทางจิตเวช,Mental Health Disorders,วัดจำนวนผู้ป่วยโรคทางจิตเวชที่ส่งผลต่ออารมณ์ ความคิด และพฤติกรรม ส่งผลกระทบต่อคุณภาพชีวิตและการทำงานในสังคม,Tracks the prevalence of psychiatric disorders affecting mood thinking and behavior. Mental health conditions significantly impact quality of life social functioning and overall well-being.,จำนวนผู้ป่วยโรคทางจิตเวช ÷ จำนวนประชากรทั้งหมด × 100,Number of mental health disorder cases ÷ Total population × 100
52,allergies,อัตราความชุกของผู้ป่วยโรคภูมิแพ้,Allergies,วัดจำนวนผู้ที่มีอาการแพ้สิ่งต่างๆ จากสิ่งแวดล้อมหรืออาหาร อาจมีอาการตั้งแต่เล็กน้อยจนถึงรุนแรงและอันตราย,Indicates the percentage of individuals with allergic reactions to environmental or dietary triggers. Allergies can range from mild discomfort to severe life-threatening anaphylactic reactions.,จำนวนผู้ป่วยโรคภูมิแพ้ ÷ จำนวนประชากรทั้งหมด × 100,Number of allergy cases ÷ Total population × 100
53,bone_joint_disease,อัตราความชุกของผู้ป่วยโรคกระดูกและข้อ,Bone and Joint Disease,วัดจำนวนผู้ป่วยโรคที่เกี่ยวข้องกับกระดูก ข้อ และเนื้อเยื่อข้อต่อ มักทำให้เจ็บปวดเรื้อรัง เคลื่อนไหวลำบาก และจำกัดการทำงาน,Measures the prevalence of musculoskeletal conditions affecting bones joints and connective tissues. These conditions often cause chronic pain reduced mobility and functional limitations.,จำนวนผู้ป่วยโรคกระดูกและข้อ ÷ จำนวนประชากรทั้งหมด × 100,Number of bone and joint disease cases ÷ Total population × 100
54,respiratory_disease,อัตราความชุกของผู้ป่วยโรคระบบทางเดินหายใจ,Respiratory Disease,วัดจำนวนผู้ป่วยโรคปอดและทางเดินหายใจ เช่น หืด โรคปอดอุดกั้นเรื้อรัง ส่งผลต่อคุณภาพชีวิตและอาจเป็นอันตราย,Tracks conditions affecting the lungs and breathing including asthma chronic obstructive pulmonary disease and infections. Respiratory diseases significantly impact quality of life and can be life-threatening.,จำนวนผู้ป่วยโรคระบบทางเดินหายใจ ÷ จำนวนประชากรทั้งหมด × 100,Number of respiratory disease cases ÷ Total population × 100
55,emphysema,อัตราความชุกของผู้ป่วยโรคถุงลมโป่งพอง,Emphysema,วัดจำนวนผู้ป่วยโรคถุงลมปอดโป่งพองทำให้หายใจลำบาก มักเกิดจากการสูบบุหรี่และทำให้ระบบหายใจทำงานแย่ลงเรื่อยๆ,Indicates the prevalence of lung tissue damage resulting in breathing difficulties. Emphysema is typically associated with smoking and causes progressive respiratory impairment and reduced quality of life.,จำนวนผู้ป่วยโรคถุงลมโป่งพอง ÷ จำนวนประชากรทั้งหมด × 100,Number of emphysema cases ÷ Total population × 100
56,anemia,อัตราความชุกของผู้ป่วยโรคโลหิตจาง,Anemia,วัดจำนวนผู้ที่มีเม็ดเลือดแดงหรือฮีโมโกลบินน้อยกว่าปกติ ทำให้เหนื่อยง่าย อ่อนแอ และอาจเป็นสัญญาณของโรคอื่น,Measures the percentage of individuals with insufficient red blood cells or hemoglobin. Anemia causes fatigue weakness and can indicate underlying nutritional deficiencies or chronic diseases.,จำนวนผู้ป่วยโรคโลหิตจาง ÷ จำนวนประชากรทั้งหมด × 100,Number of anemia cases ÷ Total population × 100
57,stomach_ulcer,อัตราความชุกของผู้ป่วยโรคกระเพาะอาหาร,Stomach Ulcer,วัดจำนวนผู้ป่วยแผลในกระเพาะอาหาร ทำให้เจ็บท้อง เลือดออก และหากไม่รักษาอาจเกิดภาวะแทรกซ้อนร้ายแรง,Tracks the prevalence of peptic ulcers in the stomach lining. Stomach ulcers cause pain bleeding and can lead to serious complications if untreated.,จำนวนผู้ป่วยโรคกระเพาะอาหาร ÷ จำนวนประชากรทั้งหมด × 100,Number of stomach ulcer cases ÷ Total population × 100
58,epilepsy,อัตราความชุกของผู้ป่วยโรคลมชัก,Epilepsy,วัดจำนวนผู้ป่วยโรคลมชักซึ่งมีอาการชักซ้ำๆ จากไฟฟ้าในสมองผิดปกติ ต้องรักษาต่อเนื่องและส่งผลต่อชีวิตประจำวัน,Indicates the percentage of individuals with recurrent seizures due to abnormal brain electrical activity. Epilepsy requires ongoing medical management and can significantly impact daily functioning and safety.,จำนวนผู้ป่วยโรคลมชัก ÷ จำนวนประชากรทั้งหมด × 100,Number of epilepsy cases÷ Total population × 100
59,intestinal_disease,อัตราความชุกของผู้ป่วยโรคลำไส้,Intestinal Disease,วัดจำนวนผู้ป่วยโรคที่เกี่ยวข้องกับลำไส้ เช่น ลำไส้อักเสบ ทำให้มีอาการเรื้อรังและปัญหาการดูดซึมอาหาร,Measures various conditions affecting the intestinal tract including inflammatory bowel disease and other gastrointestinal disorders. These conditions often cause chronic symptoms and nutritional complications.,จำนวนผู้ป่วยโรคลำไส้ ÷ จำนวนประชากรทั้งหมด × 100,Number of intestinal disease cases ÷ Total population × 100
60,paralysis,อัตราความชุกของผู้ป่วยโรคอัมพาต,Paralysis,วัดจำนวนผู้ที่สูญเสียการทำงานของกล้ามเนื้อจากระบบประสาทเสียหาย ส่งผลต่อการเคลื่อนไหวและต้องการการดูแลและฟื้นฟูอย่างต่อเนื่อง,Tracks the prevalence of motor function loss due to nervous system damage. Paralysis significantly impacts mobility independence and requires extensive rehabilitation and support services.,จำนวนผู้ป่วยโรคอัมพาต ÷ จำนวนประชากรทั้งหมด × 100,Number of paralysis cases ÷ Total population × 100
61,dementia,อัตราความชุกของผู้ป่วยโรคอัมพฤกษ์,Dementia,วัดจำนวนผู้ป่วยสมองเสื่อมที่มีความจำและความคิดลดลงอย่างต่อเนื่อง ส่งผลต่อการทำงานประจำวันและเป็นปัญหาสำคัญของผู้สูงอายุ,Indicates the percentage of individuals with progressive cognitive decline affecting memory thinking and daily functioning. Dementia represents a major public health challenge with profound impacts on individuals and families.,จำนวนผู้ป่วยโรคอัมพฤกษ์ ÷ จำนวนประชากรทั้งหมด × 100,Number of dementia cases ÷ Total population × 100
62,cardiovascular_diseases,ภาระโรคหัวใจและหลอดเลือด,Cardiovascular Disease Burden,วัดภาระรวมของโรคหัวใจและหลอดเลือด รวมถึงความดันโลหิตสูง โรคหัวใจ และโรคหลอดเลือดสมอง โรคหัวใจและหลอดเลือดเป็นสาเหตุหลักของการเสียชีวิตและความพิการทั่วโลก,Measures the combined burden of heart and blood vessel diseases including hypertension heart disease and stroke. Cardiovascular diseases are leading causes of death and disability worldwide.,จำนวนผู้ป่วยโรคหัวใจและหลอดเลือด ÷ จำนวนประชากรทั้งหมด × 100,Number of combined burden of heart and blood vessel diseases cases ÷ Total population × 100
63,metabolic_diseases,ภาระโรคเมแทบอลิก,Metabolic Disease Burden,ติดตามความชุกรวมของภาวะที่ส่งผลต่อการเมแทบอลิซึม รวมถึงโรคเบาหวาน โรคเกาต์ และคอเลสเตอรอลสูง โรคเมแทบอลิซึมมักเกิดขึ้นร่วมกันและเพิ่มความเสี่ยงของภาวะแทรกซ้อนร้ายแรง,Tracks the collective prevalence of conditions affecting metabolism including diabetes gout and high cholesterol. Metabolic diseases often cluster together and increase risks of serious complications.,จำนวนผู้ป่วยโรคเบาหวาน โรคเกาต์ และคอเลสเตอรอลสูง ÷ จำนวนประชากรทั้งหมด × 100,Number of combined diabetes gout and high cholesterol cases ÷ Total population × 100
64,multiple_chronic_conditions,อัตราส่วนผู้ป่วยที่มีโรคไม่ติตต่อเรื้อรังหลายโรค (มีโรค 2 ชนิดขึ้นไป),Multiple Chronic Conditions (2+),แสดงเปอร์เซ็นต์ของบุคคลที่อยู่กับโรคเรื้อรังสองโรคหรือมากกว่าพร้อมกัน โรคเรื้อรังหลายโรคเพิ่มความซับซ้อนของการดูแลสุขภาพ ต้นทุน และความเสี่ยงของผลลัพธ์สุขภาพที่ไม่พึงประสงค์,Indicates the percentage of individuals living with two or more chronic diseases simultaneously. Multiple chronic conditions increase healthcare complexity costs and risks of adverse health outcomes.,จำนวนผู้ป่วยที่ป่วยโรคเรื้อรังตั้งแต่ 2 โรคขึ้นไป ÷ จำนวนประชากรทั้งหมด × 100,Number of individuals living with two or more chronic diseases ÷ Total population × 100
65,doctor_per_population,จำนวนแพทย์ต่อประชากร,Physicians per capita,"จำนวนแพทย์ต่อประชากร (ต่อ 1,000 คน) การมีแพทย์ในจำนวนที่เพียงพอมีความสำคัญอย่างยิ่งต่อการดูแลเชิงป้องกัน การจัดการโรค และผลลัพธ์ด้านสุขภาพของประชากรโดยรวม พื้นที่ที่มีความหนาแน่นของแพทย์สูงกว่ามักแสดงให้เห็นผลลัพธ์ด้านสุขภาพที่ดีกว่า รวมถึงอัตราการเสียชีวิตที่ต่ำลงและการจัดการโรคเรื้อรังที่ดีขึ้น","The number of physicians per 1,000 people in a population. Adequate physician availability is crucial for preventive care, disease management, and overall population health outcomes. Areas with higher physician density typically show better health outcomes, including lower mortality rates and better management of chronic conditions.","จำนวนแพทย์ / จำนวนประชากรทั้งหมด × 1,000","Number of physicians ÷ Total population × 1,000"
66,nurse_per_population,จำนวนพยาบาลและผดุงครรภ์ต่อประชากร,Nurses per capita ,"จำนวนพยาบาลและผดุงครรภ์ต่อประชากร (ต่อ 1,000 คน) การมีบุคลากรพยาบาลในจำนวนที่เพียงพอส่งผลโดยตรงต่อคุณภาพการให้บริการสุขภาพและผลลัพธ์ของผู้ป่วย อัตราส่วนบุคลากรพยาบาลที่สูงขึ้นมีความสัมพันธ์กับอัตราการเสียชีวิตของผู้ป่วยที่ลดลง ภาวะแทรกซ้อนที่น้อยลง และผลลัพธ์ด้านสุขภาพของมารดาและเด็กที่ดีขึ้น","The number of nurses and midwives per 1,000 people. Nursing staff availability directly influences the quality of healthcare delivery and patient outcomes. Higher ratios of nursing staff are associated with reduced patient mortality, fewer complications, and better maternal and child health outcomes.","จำนวนพยาบาล / จำนวนประชากรทั้งหมด × 1,000","Number of nurses ÷ Total population × 1,000"
67,healthworker_per_population,จำนวนบุคลากรทางการแพทย์ต่อประชากร,Health workers per capita,"จำนวนบุคลากรด้านสุขภาพต่อประชากร: แพทย์ พยาบาล/ผดุงครรภ์ ทันตบุคลากร เภสัชกร (ต่อ 10,000 คน) กำลังคนด้านสุขภาพที่กระจายตัวอย่างดีช่วยให้มั่นใจได้ว่ามีการเข้าถึงบริการสุขภาพที่หลากหลายอย่างทั่วถึง ชุมชนที่มีบุคลากรด้านสุขภาพครบถ้วนแสดงให้เห็นผลลัพธ์ด้านสุขภาพที่ดีขึ้นในบริการต่างๆ","The number of various health workers (physicians, nursing/midwifery, dental, and pharmaceutical personnel) per 10,000 population. A well-distributed healthcare workforce ensures broader access to diverse health services. Communities with comprehensive healthcare staffing show better health outcomes across various specialties and services.","จำนวนบุคลากรทางการแพทย์ / จำนวนประชากรทั้งหมด × 10,000","Number of health workers ÷ Total population × 1,000"
68,community_healthworker_per_population,จำนวนอาสาสมัครสาธารณสุขในชุมชนต่อประชากร,Community health workers per capita,"จำนวนอาสาสมัครสาธารณสุขชุมชนต่อประชากร (ต่อ 1,000 คน) อาสาสมัครสาธารณสุขชุมชนมีบทบาทสำคัญในการส่งเสริมสุขภาพ การป้องกันโรค และการเข้าถึงบริการสุขภาพในพื้นที่ด้อยโอกาส การมีอาสาสมัครสาธารณสุขมีความสัมพันธ์กับผลลัพธ์ด้านสุขภาพของมารดาและเด็กที่ดีขึ้น การจัดการโรคเรื้อรังที่ดีขึ้น และการใช้บริการเชิงป้องกันที่เพิ่มขึ้น","The number of community health workers per 1,000 people. Community health workers play a vital role in health promotion, disease prevention, and healthcare access in underserved areas. Their presence is associated with improved maternal and child health outcomes, better chronic disease management, and increased preventive care utilization.","จำนวนอาสาสมัครสาธารณสุขในชุมชน / จำนวนประชากรทั้งหมด × 1,000","Number of community health workers ÷ Total population × 1,000"
69,health_service_access,จำนวนสถานบริการด้านสุขภาพต่อประชากร,Health facilities per capita,"จำนวนสถานบริการด้านสุขภาพต่อประชากร (ต่อ 10,000 คน) จำนวนสถานบริการสุขภาพประกอบไปด้วย โรงพยาบาล คลินิก ร้านขายยา ศูนย์บริการสาธารณสุข ศูนย์สุขภาพชุมชน",Total number of health facilities per capita,"จำนวนสถานบริการด้านสุขภาพ / จำนวนประชากรทั้งหมด × 10,000","Number of  health facilities ÷ Total population × 10,000"
70,bed_per_population,จำนวนเตียงต่อประชากร,Hospital beds per capita,"จำนวนเตียงโรงพยาบาลต่อประชากร (ต่อ 10,000 คน) ความสามารถในการรองรับผู้ป่วยที่เพียงพอมีความสำคัญต่อการจัดการความต้องการด้านการดูแลสุขภาพทั้งในภาวะปกติและภาวะวิกฤต ตัวชี้วัดนี้มีอิทธิพลต่อคุณภาพการดูแลผู้ป่วย อัตราการกลับเข้ารับการรักษาในโรงพยาบาล และความยืดหยุ่นโดยรวมของระบบสุขภาพ","The number of hospital beds per 10,000 population. Adequate hospital bed capacity is essential for managing both routine healthcare needs and crisis situations. This indicator influences patient care quality, hospital readmission rates, and overall healthcare system resilience.","จำนวนเตียง / จำนวนประชากรทั้งหมด × 10,000","Number of  hospital bed ÷ Total population × 10,000"
71,sportfield_per_population,จำนวนลานกีฬาและสนามกีฬาต่อประชากร,Sportfield per population,"วัดการกระจายและการเข้าถึงพื้นที่สำหรับออกกำลังกายและเล่นกีฬาของประชาชนในพื้นที่ โดยคำนวณจากจำนวนหรือขนาดพื้นที่ของลานกีฬาและสนามกีฬาต่อจำนวนประชากร 1,000 คน อัตราส่วนนี้เป็นดัชนีสำคัญที่สะท้อนถึงนโยบายด้านการส่งเสริมสุขภาพและคุณภาพชีวิตของประชากร","The number or total area of sports fields and stadiums per 1,000 population. This metric assesses the distribution of and public access to exercise and sports facilities within a given area. This ratio serves as a key indicator of policies aimed at promoting public","จำนวนลานกีฬา / จำนวนประชากรทั้งหมด × 1,000","Number of  sport field ÷ Total population × 1,000"
72,market_per_population,จำนวนตลาดสดและซูเปอร์มาร์เก็ตต่อประชากร,Fresh markets and supermarkets per population,"วัดการเข้าถึงแหล่งอาหาร (Food Access) ต่อจำนวนประชากร 10,000 คน และสะท้อนภาพรวมของ สภาพแวดล้อมทางอาหาร (Food Environment) ในพื้นที่นั้น ๆ","The number of fresh market per 10,000 population. A measure for assessing Food Access and the overall Food Environment within a particular area.","จำนวนตลาดและซูเปอร์มาร์เก็ต / จำนวนประชากรทั้งหมด × 10,000","Number of fresh market ÷ Total population × 10,000"
